{"stationsData":[{"id":"5", "name":"State St &amp; Harrison St", "latitude":"41.87395806000000000", "longitude":"-87.62773949000000000", "dpcapacity":"19"},{"id":"13", "name":"Wilton Ave &amp; Diversey Pkwy", "latitude":"41.93250008000000000", "longitude":"-87.65268082000000000", "dpcapacity":"19"},{"id":"14", "name":"Morgan St &amp; 18th St", "latitude":"41.85808600000000000", "longitude":"-87.65107300000000000", "dpcapacity":"15"},{"id":"15", "name":"Racine Ave &amp; 18th St", "latitude":"41.85818061000000000", "longitude":"-87.65648665000000000", "dpcapacity":"15"},{"id":"16", "name":"Wood St &amp; North Ave", "latitude":"41.91032900000000000", "longitude":"-87.67251600000000000", "dpcapacity":"15"},{"id":"17", "name":"Wood St &amp; Division St", "latitude":"41.90332000000000000", "longitude":"-87.67273000000000000", "dpcapacity":"15"},{"id":"19", "name":"Loomis St &amp; Taylor St", "latitude":"41.86941700000000000", "longitude":"-87.66099600000000000", "dpcapacity":"15"},{"id":"20", "name":"Sheffield Ave &amp; Kingsbury St", "latitude":"41.90959193000000000", "longitude":"-87.65349723000000000", "dpcapacity":"15"},{"id":"21", "name":"Aberdeen St &amp; Jackson Blvd", "latitude":"41.87772613000000000", "longitude":"-87.65478743000000000", "dpcapacity":"15"},{"id":"22", "name":"May St &amp; Taylor St", "latitude":"41.86948210000000000", "longitude":"-87.65548640000000000", "dpcapacity":"15"},{"id":"23", "name":"Orleans St &amp; Elm St", "latitude":"41.90292400000000000", "longitude":"-87.63771500000000000", "dpcapacity":"15"},{"id":"24", "name":"Fairbanks Ct &amp; Grand Ave", "latitude":"41.89186000000000000", "longitude":"-87.62062000000000000", "dpcapacity":"15"},{"id":"25", "name":"Michigan Ave &amp; Pearson St", "latitude":"41.89766000000000000", "longitude":"-87.62351000000000000", "dpcapacity":"23"},{"id":"26", "name":"McClurg Ct &amp; Illinois St", "latitude":"41.89102000000000000", "longitude":"-87.61730000000000000", "dpcapacity":"23"},{"id":"27", "name":"Larrabee St &amp; North Ave", "latitude":"41.91021000000000000", "longitude":"-87.64350000000000000", "dpcapacity":"19"},{"id":"28", "name":"Larrabee St &amp; Menomonee St", "latitude":"41.91468000000000000", "longitude":"-87.64332000000000000", "dpcapacity":"15"},{"id":"29", "name":"Noble St &amp; Milwaukee Ave", "latitude":"41.90068000000000000", "longitude":"-87.66260000000000000", "dpcapacity":"15"},{"id":"30", "name":"Ashland Ave &amp; Augusta Blvd", "latitude":"41.89964300000000000", "longitude":"-87.66770000000000000", "dpcapacity":"15"},{"id":"31", "name":"Franklin St &amp; Chicago Ave", "latitude":"41.89680204000000000", "longitude":"-87.63563839000000000", "dpcapacity":"23"},{"id":"32", "name":"Racine Ave &amp; Congress Pkwy", "latitude":"41.87464000000000000", "longitude":"-87.65703000000000000", "dpcapacity":"19"},{"id":"33", "name":"State St &amp; Van Buren St", "latitude":"41.87718100000000000", "longitude":"-87.62784400000000000", "dpcapacity":"27"},{"id":"34", "name":"Cannon Dr &amp; Fullerton Ave", "latitude":"41.92675599000000000", "longitude":"-87.63442878000000000", "dpcapacity":"15"},{"id":"35", "name":"Streeter Dr &amp; Illinois St", "latitude":"41.89107100000000000", "longitude":"-87.61220000000000000", "dpcapacity":"35"},{"id":"36", "name":"Franklin St &amp; Jackson Blvd", "latitude":"41.87770796000000000", "longitude":"-87.63532114000000000", "dpcapacity":"27"},{"id":"37", "name":"Dearborn St &amp; Adams St", "latitude":"41.87935636000000000", "longitude":"-87.62979104000000000", "dpcapacity":"19"},{"id":"42", "name":"Wabash Ave &amp; Cermak Rd", "latitude":"41.85323876000000000", "longitude":"-87.62533709000000000", "dpcapacity":"15"},{"id":"43", "name":"Michigan Ave &amp; Washington St", "latitude":"41.88389277000000000", "longitude":"-87.62464914000000000", "dpcapacity":"43"},{"id":"44", "name":"State St &amp; Randolph St", "latitude":"41.88473020000000000", "longitude":"-87.62773357000000000", "dpcapacity":"27"},{"id":"45", "name":"Michigan Ave &amp; Congress Pkwy", "latitude":"41.87606560000000000", "longitude":"-87.62443336000000000", "dpcapacity":"15"},{"id":"46", "name":"Wells St &amp; Walton St", "latitude":"41.89993001000000000", "longitude":"-87.63443007000000000", "dpcapacity":"19"},{"id":"47", "name":"State St &amp; Kinzie St", "latitude":"41.88918000000000000", "longitude":"-87.62770000000000000", "dpcapacity":"15"},{"id":"48", "name":"Larrabee St &amp; Kingsbury St", "latitude":"41.89776400000000000", "longitude":"-87.64288400000000000", "dpcapacity":"27"},{"id":"49", "name":"Dearborn St &amp; Monroe St", "latitude":"41.88131982000000000", "longitude":"-87.62952092000000000", "dpcapacity":"23"},{"id":"50", "name":"Clark St &amp; Congress Pkwy", "latitude":"41.87593267000000000", "longitude":"-87.63058454000000000", "dpcapacity":"27"},{"id":"51", "name":"Clark St &amp; Randolph St", "latitude":"41.88457623000000000", "longitude":"-87.63188991000000000", "dpcapacity":"31"},{"id":"52", "name":"Michigan Ave &amp; Lake St", "latitude":"41.88605812000000000", "longitude":"-87.62428934000000000", "dpcapacity":"23"},{"id":"53", "name":"Wells St &amp; Erie St", "latitude":"41.89383200000000000", "longitude":"-87.63419500000000000", "dpcapacity":"19"},{"id":"54", "name":"Ogden Ave &amp; Chicago Ave", "latitude":"41.89636246000000000", "longitude":"-87.65406127000000000", "dpcapacity":"19"},{"id":"55", "name":"Halsted St &amp; James M Rochford St", "latitude":"41.86586100000000000", "longitude":"-87.64661100000000000", "dpcapacity":"15"},{"id":"56", "name":"Desplaines St &amp; Kinzie St", "latitude":"41.88871604000000000", "longitude":"-87.64444785000000000", "dpcapacity":"19"},{"id":"57", "name":"Clinton St &amp; Roosevelt Rd", "latitude":"41.86711778000000000", "longitude":"-87.64108796000000000", "dpcapacity":"15"},{"id":"58", "name":"Ashland Ave &amp; Armitage Ave", "latitude":"41.91785887000000000", "longitude":"-87.66891900000000000", "dpcapacity":"15"},{"id":"59", "name":"Wabash Ave &amp; Roosevelt Rd", "latitude":"41.86717300000000000", "longitude":"-87.62595501000000000", "dpcapacity":"19"},{"id":"60", "name":"Dayton St &amp; North Ave", "latitude":"41.91057803000000000", "longitude":"-87.64942193000000000", "dpcapacity":"19"},{"id":"61", "name":"Wood St &amp; Milwaukee Ave", "latitude":"41.90765500000000000", "longitude":"-87.67255200000000000", "dpcapacity":"15"},{"id":"62", "name":"McCormick Place", "latitude":"41.85137517000000000", "longitude":"-87.61883465000000000", "dpcapacity":"15"},{"id":"66", "name":"Clinton St &amp; Lake St", "latitude":"41.88583274000000000", "longitude":"-87.64138231000000000", "dpcapacity":"19"},{"id":"67", "name":"Sheffield Ave &amp; Fullerton Ave", "latitude":"41.92560188000000000", "longitude":"-87.65370804000000000", "dpcapacity":"15"},{"id":"68", "name":"Clinton St &amp; Tilden St", "latitude":"41.87588500000000000", "longitude":"-87.64079500000000000", "dpcapacity":"23"},{"id":"69", "name":"Damen Ave &amp; Pierce Ave", "latitude":"41.90939601000000000", "longitude":"-87.67769193000000000", "dpcapacity":"19"},{"id":"71", "name":"Morgan St &amp; Lake St", "latitude":"41.88548331000000000", "longitude":"-87.65230486000000000", "dpcapacity":"15"},{"id":"72", "name":"State St &amp; 16th St", "latitude":"41.86012138000000000", "longitude":"-87.62772919000000000", "dpcapacity":"15"},{"id":"73", "name":"Jefferson St &amp; Monroe St", "latitude":"41.88042200000000000", "longitude":"-87.64274600000000000", "dpcapacity":"19"},{"id":"74", "name":"Kingsbury St &amp; Erie St", "latitude":"41.89384315000000000", "longitude":"-87.64185116000000000", "dpcapacity":"23"},{"id":"75", "name":"Canal St &amp; Jackson Blvd", "latitude":"41.87811421000000000", "longitude":"-87.63997112000000000", "dpcapacity":"35"},{"id":"76", "name":"Lake Shore Dr &amp; Monroe St", "latitude":"41.88105000000000000", "longitude":"-87.61697000000000000", "dpcapacity":"11"},{"id":"77", "name":"Clinton St &amp; Madison St", "latitude":"41.88158240000000000", "longitude":"-87.64127743000000000", "dpcapacity":"23"},{"id":"80", "name":"Aberdeen St &amp; Madison St", "latitude":"41.88148700000000000", "longitude":"-87.65475200000000000", "dpcapacity":"19"},{"id":"81", "name":"Daley Center Plaza", "latitude":"41.88433700000000000", "longitude":"-87.63018300000000000", "dpcapacity":"47"},{"id":"84", "name":"Green St &amp; Milwaukee Ave", "latitude":"41.89173300000000000", "longitude":"-87.64872700000000000", "dpcapacity":"19"},{"id":"85", "name":"Michigan Ave &amp; Oak St", "latitude":"41.90096039000000000", "longitude":"-87.62377664000000000", "dpcapacity":"15"},{"id":"86", "name":"Eckhart Park", "latitude":"41.89637337000000000", "longitude":"-87.66098386000000000", "dpcapacity":"15"},{"id":"87", "name":"Racine Ave &amp; Fullerton Ave", "latitude":"41.92556258000000000", "longitude":"-87.65840426000000000", "dpcapacity":"19"},{"id":"88", "name":"May St &amp; Randolph St", "latitude":"41.88397000000000000", "longitude":"-87.65568800000000000", "dpcapacity":"15"},{"id":"90", "name":"Millennium Park", "latitude":"41.88103170000000000", "longitude":"-87.62408432000000000", "dpcapacity":"35"},{"id":"91", "name":"Clinton St &amp; Washington Blvd", "latitude":"41.88338000000000000", "longitude":"-87.64117000000000000", "dpcapacity":"31"},{"id":"92", "name":"Carpenter St &amp; Huron St", "latitude":"41.89455600000000000", "longitude":"-87.65344900000000000", "dpcapacity":"19"},{"id":"93", "name":"Sheffield Ave &amp; Willow St", "latitude":"41.91368800000000000", "longitude":"-87.65285500000000000", "dpcapacity":"15"},{"id":"94", "name":"Lincoln Ave &amp; Armitage Ave", "latitude":"41.91827300000000000", "longitude":"-87.63811600000000000", "dpcapacity":"19"},{"id":"97", "name":"Museum Campus", "latitude":"41.86521200000000000", "longitude":"-87.61775900000000000", "dpcapacity":"19"},{"id":"98", "name":"LaSalle St &amp; Washington St", "latitude":"41.88266400000000000", "longitude":"-87.63253000000000000", "dpcapacity":"15"},{"id":"99", "name":"Lake Shore Dr &amp; Ohio St", "latitude":"41.89257000000000000", "longitude":"-87.61449200000000000", "dpcapacity":"19"},{"id":"100", "name":"Orleans St &amp; Merchandise Mart Plaza", "latitude":"41.88824300000000000", "longitude":"-87.63639000000000000", "dpcapacity":"23"},{"id":"106", "name":"State St &amp; Pearson St", "latitude":"41.89744800000000000", "longitude":"-87.62872200000000000", "dpcapacity":"27"},{"id":"108", "name":"Halsted St &amp; Polk St", "latitude":"41.87184000000000000", "longitude":"-87.64664000000000000", "dpcapacity":"19"},{"id":"109", "name":"900 W Harrison", "latitude":"41.87450000000000000", "longitude":"-87.64980000000000000", "dpcapacity":"19"},{"id":"110", "name":"State St &amp; Erie St", "latitude":"41.89397500000000000", "longitude":"-87.62862300000000000", "dpcapacity":"23"},{"id":"111", "name":"Sedgwick St &amp; Huron St", "latitude":"41.89466600000000000", "longitude":"-87.63843700000000000", "dpcapacity":"19"},{"id":"112", "name":"Green St &amp; Randolph St", "latitude":"41.88407800000000000", "longitude":"-87.64868400000000000", "dpcapacity":"15"},{"id":"113", "name":"Bissell St &amp; Armitage Ave", "latitude":"41.91844000000000000", "longitude":"-87.65222000000000000", "dpcapacity":"15"},{"id":"114", "name":"Sheffield Ave &amp; Addison St", "latitude":"41.94688000000000000", "longitude":"-87.65445000000000000", "dpcapacity":"27"},{"id":"115", "name":"Sheffield Ave &amp; Wellington Ave", "latitude":"41.93625300000000000", "longitude":"-87.65356600000000000", "dpcapacity":"23"},{"id":"116", "name":"Western Ave &amp; Winnebago Ave", "latitude":"41.91553300000000000", "longitude":"-87.68705100000000000", "dpcapacity":"15"},{"id":"117", "name":"Wilton Ave &amp; Belmont Ave", "latitude":"41.94018000000000000", "longitude":"-87.65304000000000000", "dpcapacity":"23"},{"id":"118", "name":"Sedgwick St &amp; North Ave", "latitude":"41.91057900000000000", "longitude":"-87.63861800000000000", "dpcapacity":"19"},{"id":"119", "name":"Ashland Ave &amp; Lake St", "latitude":"41.88541000000000000", "longitude":"-87.66732000000000000", "dpcapacity":"19"},{"id":"120", "name":"Wentworth Ave &amp; Archer Ave", "latitude":"41.85456400000000000", "longitude":"-87.63193700000000000", "dpcapacity":"15"},{"id":"121", "name":"Blackstone Ave &amp; Hyde Park Blvd", "latitude":"41.80256200000000000", "longitude":"-87.59036800000000000", "dpcapacity":"15"},{"id":"122", "name":"Congress Pkwy &amp; Ogden Ave", "latitude":"41.87501000000000000", "longitude":"-87.67328000000000000", "dpcapacity":"15"},{"id":"123", "name":"California Ave &amp; Milwaukee Ave", "latitude":"41.92269500000000000", "longitude":"-87.69715300000000000", "dpcapacity":"15"},{"id":"124", "name":"Damen Ave &amp; Cullerton St", "latitude":"41.85504800000000000", "longitude":"-87.67572600000000000", "dpcapacity":"15"},{"id":"126", "name":"Clark St &amp; North Ave", "latitude":"41.91179100000000000", "longitude":"-87.63184100000000000", "dpcapacity":"15"},{"id":"127", "name":"Lincoln Ave &amp; Fullerton Ave", "latitude":"41.92590500000000000", "longitude":"-87.64926000000000000", "dpcapacity":"15"},{"id":"128", "name":"Damen Ave &amp; Chicago Ave", "latitude":"41.89576900000000000", "longitude":"-87.67722000000000000", "dpcapacity":"15"},{"id":"129", "name":"Blue Island Ave &amp; 18th St", "latitude":"41.85755600000000000", "longitude":"-87.66153500000000000", "dpcapacity":"15"},{"id":"130", "name":"Damen Ave &amp; Division St", "latitude":"41.90331000000000000", "longitude":"-87.67695000000000000", "dpcapacity":"15"},{"id":"131", "name":"Lincoln Ave &amp; Belmont Ave", "latitude":"41.93936500000000000", "longitude":"-87.66838500000000000", "dpcapacity":"15"},{"id":"132", "name":"Wentworth Ave &amp; 24th St", "latitude":"41.84923700000000000", "longitude":"-87.63171500000000000", "dpcapacity":"15"},{"id":"134", "name":"Peoria St &amp; Jackson Blvd", "latitude":"41.87774900000000000", "longitude":"-87.64963300000000000", "dpcapacity":"19"},{"id":"135", "name":"Halsted St &amp; 21st St", "latitude":"41.85378000000000000", "longitude":"-87.64665000000000000", "dpcapacity":"11"},{"id":"136", "name":"Racine Ave &amp; 13th St", "latitude":"41.86505400000000000", "longitude":"-87.65695900000000000", "dpcapacity":"15"},{"id":"137", "name":"Morgan Ave &amp; 14th Pl", "latitude":"41.86237800000000000", "longitude":"-87.65106200000000000", "dpcapacity":"15"},{"id":"138", "name":"Clybourn Ave &amp; Division St", "latitude":"41.90450900000000000", "longitude":"-87.64050000000000000", "dpcapacity":"15"},{"id":"140", "name":"Dearborn Pkwy &amp; Delaware Pl", "latitude":"41.89900700000000000", "longitude":"-87.62992800000000000", "dpcapacity":"19"},{"id":"141", "name":"Clark St &amp; Lincoln Ave", "latitude":"41.91568900000000000", "longitude":"-87.63460000000000000", "dpcapacity":"19"},{"id":"143", "name":"Sedgwick St &amp; Webster Ave", "latitude":"41.92197000000000000", "longitude":"-87.63854000000000000", "dpcapacity":"15"},{"id":"144", "name":"Larrabee St &amp; Webster Ave", "latitude":"41.92175000000000000", "longitude":"-87.64401000000000000", "dpcapacity":"15"},{"id":"146", "name":"Loomis St &amp; Jackson Blvd", "latitude":"41.87794500000000000", "longitude":"-87.66200700000000000", "dpcapacity":"11"},{"id":"147", "name":"Indiana Ave &amp; 26th St", "latitude":"41.84570000000000000", "longitude":"-87.62248000000000000", "dpcapacity":"15"},{"id":"148", "name":"State St &amp; 33rd St", "latitude":"41.83473400000000000", "longitude":"-87.62581300000000000", "dpcapacity":"11"},{"id":"149", "name":"Calumet Ave &amp; 33rd St", "latitude":"41.83490000000000000", "longitude":"-87.61793000000000000", "dpcapacity":"11"},{"id":"150", "name":"Fort Dearborn Dr &amp; 31st St", "latitude":"41.83855600000000000", "longitude":"-87.60821800000000000", "dpcapacity":"11"},{"id":"152", "name":"Lincoln Ave &amp; Diversey Pkwy", "latitude":"41.93222500000000000", "longitude":"-87.65861700000000000", "dpcapacity":"15"},{"id":"153", "name":"Southport Ave &amp; Wellington Ave", "latitude":"41.93584000000000000", "longitude":"-87.66370000000000000", "dpcapacity":"19"},{"id":"154", "name":"Southport Ave &amp; Belmont Ave", "latitude":"41.93949000000000000", "longitude":"-87.66378000000000000", "dpcapacity":"15"},{"id":"156", "name":"Clark St &amp; Wellington Ave", "latitude":"41.93649682000000000", "longitude":"-87.64753866000000000", "dpcapacity":"15"},{"id":"157", "name":"Lake Shore Dr &amp; Wellington Ave", "latitude":"41.93666900000000000", "longitude":"-87.63679400000000000", "dpcapacity":"15"},{"id":"158", "name":"Milwaukee Ave &amp; Wabansia Ave", "latitude":"41.91261600000000000", "longitude":"-87.68139100000000000", "dpcapacity":"15"},{"id":"159", "name":"Claremont Ave &amp; Hirsch St", "latitude":"41.90778100000000000", "longitude":"-87.68585400000000000", "dpcapacity":"11"},{"id":"160", "name":"Campbell Ave &amp; North Ave", "latitude":"41.91053500000000000", "longitude":"-87.68955600000000000", "dpcapacity":"15"},{"id":"162", "name":"Damen Ave &amp; Wellington Ave", "latitude":"41.93588000000000000", "longitude":"-87.67842000000000000", "dpcapacity":"15"},{"id":"163", "name":"Paulina St &amp; Diversey Pkwy", "latitude":"41.93186000000000000", "longitude":"-87.67079000000000000", "dpcapacity":"15"},{"id":"164", "name":"Franklin St &amp; Lake St", "latitude":"41.88583700000000000", "longitude":"-87.63550000000000000", "dpcapacity":"23"},{"id":"165", "name":"Clark St &amp; Waveland Ave", "latitude":"41.94893000000000000", "longitude":"-87.65775000000000000", "dpcapacity":"19"},{"id":"166", "name":"Ashland Ave &amp; Wrightwood Ave", "latitude":"41.92883000000000000", "longitude":"-87.66850700000000000", "dpcapacity":"15"},{"id":"167", "name":"Damen Ave &amp; Coulter St", "latitude":"41.84920000000000000", "longitude":"-87.67564000000000000", "dpcapacity":"11"},{"id":"168", "name":"Michigan Ave &amp; 14th St", "latitude":"41.86405900000000000", "longitude":"-87.62372700000000000", "dpcapacity":"19"},{"id":"169", "name":"Canal St &amp; Harrison St", "latitude":"41.87433700000000000", "longitude":"-87.63956600000000000", "dpcapacity":"15"},{"id":"170", "name":"Clinton St &amp; 18th St", "latitude":"41.85795000000000000", "longitude":"-87.64082600000000000", "dpcapacity":"15"},{"id":"171", "name":"May St &amp; Cullerton St", "latitude":"41.85513600000000000", "longitude":"-87.65412700000000000", "dpcapacity":"11"},{"id":"173", "name":"Mies van der Rohe Way &amp; Chicago Ave", "latitude":"41.89691000000000000", "longitude":"-87.62174300000000000", "dpcapacity":"15"},{"id":"174", "name":"Canal St &amp; Madison St", "latitude":"41.88209100000000000", "longitude":"-87.63983300000000000", "dpcapacity":"23"},{"id":"175", "name":"Wells St &amp; Polk St", "latitude":"41.87237300000000000", "longitude":"-87.63352300000000000", "dpcapacity":"19"},{"id":"176", "name":"Clark St &amp; Elm St", "latitude":"41.90323300000000000", "longitude":"-87.63125300000000000", "dpcapacity":"19"},{"id":"177", "name":"Theater on the Lake", "latitude":"41.92627700000000000", "longitude":"-87.63083400000000000", "dpcapacity":"15"},{"id":"178", "name":"State St &amp; 19th St", "latitude":"41.85659400000000000", "longitude":"-87.62754200000000000", "dpcapacity":"15"},{"id":"179", "name":"Martin Luther King Dr &amp; Oakwood Blvd", "latitude":"41.82256000000000000", "longitude":"-87.61615000000000000", "dpcapacity":"15"},{"id":"181", "name":"LaSalle St &amp; Illinois St", "latitude":"41.89074900000000000", "longitude":"-87.63206000000000000", "dpcapacity":"19"},{"id":"183", "name":"Damen Ave &amp; Augusta Blvd", "latitude":"41.89971400000000000", "longitude":"-87.67723400000000000", "dpcapacity":"15"},{"id":"184", "name":"State St &amp; 35th St", "latitude":"41.83104000000000000", "longitude":"-87.62688000000000000", "dpcapacity":"19"},{"id":"185", "name":"Stave St &amp; Armitage Ave", "latitude":"41.91774100000000000", "longitude":"-87.69139200000000000", "dpcapacity":"11"},{"id":"186", "name":"Ogden Ave &amp; Race Ave", "latitude":"41.89179500000000000", "longitude":"-87.65875100000000000", "dpcapacity":"15"},{"id":"188", "name":"Greenview Ave &amp; Fullerton Ave", "latitude":"41.92533000000000000", "longitude":"-87.66580000000000000", "dpcapacity":"15"},{"id":"190", "name":"Southport Ave &amp; Wrightwood Ave", "latitude":"41.92888000000000000", "longitude":"-87.66317000000000000", "dpcapacity":"15"},{"id":"191", "name":"Canal St &amp; Monroe St", "latitude":"41.88070000000000000", "longitude":"-87.63947000000000000", "dpcapacity":"23"},{"id":"192", "name":"Canal St &amp; Adams St", "latitude":"41.87923000000000000", "longitude":"-87.64001500000000000", "dpcapacity":"27"},{"id":"193", "name":"State St &amp; 29th St", "latitude":"41.84170700000000000", "longitude":"-87.62693800000000000", "dpcapacity":"15"},{"id":"194", "name":"State St &amp; Wacker Dr", "latitude":"41.88715500000000000", "longitude":"-87.62775000000000000", "dpcapacity":"11"},{"id":"195", "name":"Columbus Dr &amp; Randolph St", "latitude":"41.88530000000000000", "longitude":"-87.62077000000000000", "dpcapacity":"23"},{"id":"196", "name":"Cityfront Plaza &amp; N Water St", "latitude":"41.88987500000000000", "longitude":"-87.62199400000000000", "dpcapacity":"19"},{"id":"197", "name":"Michigan Ave &amp; Madison St", "latitude":"41.88213400000000000", "longitude":"-87.62512500000000000", "dpcapacity":"19"},{"id":"198", "name":"Halsted St &amp; Madison St", "latitude":"41.88175000000000000", "longitude":"-87.64780000000000000", "dpcapacity":"19"},{"id":"199", "name":"Wabash Ave &amp; Grand Ave", "latitude":"41.89173800000000000", "longitude":"-87.62693700000000000", "dpcapacity":"15"},{"id":"200", "name":"King Dr &amp; 47th St", "latitude":"41.80985100000000000", "longitude":"-87.61627900000000000", "dpcapacity":"11"},{"id":"201", "name":"Indiana Ave &amp; 40th St", "latitude":"41.82168000000000000", "longitude":"-87.62160000000000000", "dpcapacity":"15"},{"id":"202", "name":"Halsted St &amp; 18th St", "latitude":"41.85749900000000000", "longitude":"-87.64627700000000000", "dpcapacity":"15"},{"id":"203", "name":"Western Ave &amp; 21st St", "latitude":"41.85394000000000000", "longitude":"-87.68524300000000000", "dpcapacity":"15"},{"id":"204", "name":"Prairie Ave &amp; Garfield Blvd", "latitude":"41.79510000000000000", "longitude":"-87.61936000000000000", "dpcapacity":"15"},{"id":"205", "name":"Paulina St &amp; 18th St", "latitude":"41.85790100000000000", "longitude":"-87.66874500000000000", "dpcapacity":"15"},{"id":"206", "name":"Halsted St &amp; Archer Ave", "latitude":"41.84720300000000000", "longitude":"-87.64679500000000000", "dpcapacity":"15"},{"id":"207", "name":"Emerald Ave &amp; 28th St", "latitude":"41.84358000000000000", "longitude":"-87.64536800000000000", "dpcapacity":"15"},{"id":"208", "name":"Ashland Ave &amp; 21st St", "latitude":"41.85381000000000000", "longitude":"-87.66589700000000000", "dpcapacity":"15"},{"id":"209", "name":"Normal Ave &amp; Archer Ave", "latitude":"41.84952700000000000", "longitude":"-87.64059100000000000", "dpcapacity":"11"},{"id":"210", "name":"Ashland Ave &amp; Division St", "latitude":"41.90345600000000000", "longitude":"-87.66777000000000000", "dpcapacity":"19"},{"id":"211", "name":"St Clair St &amp; Erie St", "latitude":"41.89444800000000000", "longitude":"-87.62266300000000000", "dpcapacity":"19"},{"id":"212", "name":"Wells St &amp; Ohio St", "latitude":"41.89223800000000000", "longitude":"-87.63398500000000000", "dpcapacity":"19"},{"id":"213", "name":"Leavitt St &amp; North Ave", "latitude":"41.91065200000000000", "longitude":"-87.68240000000000000", "dpcapacity":"11"},{"id":"214", "name":"Damen Ave &amp; Grand Ave", "latitude":"41.89122000000000000", "longitude":"-87.67686000000000000", "dpcapacity":"15"},{"id":"215", "name":"Damen Ave &amp; Madison St", "latitude":"41.88137000000000000", "longitude":"-87.67493000000000000", "dpcapacity":"15"},{"id":"216", "name":"California Ave &amp; Division St", "latitude":"41.90302900000000000", "longitude":"-87.69747400000000000", "dpcapacity":"15"},{"id":"217", "name":"May St &amp; Fulton St", "latitude":"41.88677300000000000", "longitude":"-87.65600100000000000", "dpcapacity":"15"},{"id":"218", "name":"Wells St &amp; 19th St", "latitude":"41.85680200000000000", "longitude":"-87.63387900000000000", "dpcapacity":"11"},{"id":"219", "name":"Damen Ave &amp; Cortland Ave", "latitude":"41.91602700000000000", "longitude":"-87.67741100000000000", "dpcapacity":"11"},{"id":"220", "name":"Hampden Ct &amp; Diversey Pkwy", "latitude":"41.93262000000000000", "longitude":"-87.64238500000000000", "dpcapacity":"19"},{"id":"222", "name":"Milwaukee Ave &amp; Rockwell St", "latitude":"41.92019500000000000", "longitude":"-87.69303300000000000", "dpcapacity":"19"},{"id":"223", "name":"Clifton Ave &amp; Armitage Ave", "latitude":"41.91821600000000000", "longitude":"-87.65693600000000000", "dpcapacity":"15"},{"id":"224", "name":"Halsted St &amp; Willow St", "latitude":"41.91377800000000000", "longitude":"-87.64884000000000000", "dpcapacity":"19"},{"id":"225", "name":"Halsted St &amp; Dickens Ave", "latitude":"41.91993600000000000", "longitude":"-87.64883000000000000", "dpcapacity":"15"},{"id":"226", "name":"Racine Ave &amp; Belmont Ave", "latitude":"41.93974300000000000", "longitude":"-87.65886500000000000", "dpcapacity":"15"},{"id":"227", "name":"Southport Ave &amp; Waveland Ave", "latitude":"41.94815000000000000", "longitude":"-87.66394000000000000", "dpcapacity":"15"},{"id":"228", "name":"Damen Ave &amp; Melrose Ave", "latitude":"41.94060000000000000", "longitude":"-87.67850000000000000", "dpcapacity":"11"},{"id":"229", "name":"Southport Ave &amp; Roscoe St", "latitude":"41.94373900000000000", "longitude":"-87.66402000000000000", "dpcapacity":"19"},{"id":"230", "name":"Lincoln Ave &amp; Roscoe St", "latitude":"41.94334000000000000", "longitude":"-87.67097000000000000", "dpcapacity":"19"},{"id":"231", "name":"Sheridan Rd &amp; Montrose Ave", "latitude":"41.96167000000000000", "longitude":"-87.65464000000000000", "dpcapacity":"15"},{"id":"232", "name":"Pine Grove Ave &amp; Addison St", "latitude":"41.94783600000000000", "longitude":"-87.64541600000000000", "dpcapacity":"15"},{"id":"233", "name":"Sangamon St &amp; Washington Blvd", "latitude":"41.88300400000000000", "longitude":"-87.65114800000000000", "dpcapacity":"15"},{"id":"234", "name":"Clark St &amp; Montrose Ave", "latitude":"41.96158800000000000", "longitude":"-87.66603600000000000", "dpcapacity":"19"},{"id":"236", "name":"Sedgwick St &amp; Schiller St", "latitude":"41.90757600000000000", "longitude":"-87.63851700000000000", "dpcapacity":"15"},{"id":"237", "name":"Martin Luther King Dr &amp; 29th St", "latitude":"41.84205200000000000", "longitude":"-87.61700000000000000", "dpcapacity":"15"},{"id":"238", "name":"Ravenswood Ave &amp; Montrose Ave", "latitude":"41.96162600000000000", "longitude":"-87.67410100000000000", "dpcapacity":"15"},{"id":"239", "name":"Western Ave &amp; Leland Ave", "latitude":"41.96655500000000000", "longitude":"-87.68848700000000000", "dpcapacity":"15"},{"id":"240", "name":"Sheridan Rd &amp; Irving Park Rd", "latitude":"41.95434000000000000", "longitude":"-87.65460100000000000", "dpcapacity":"11"},{"id":"241", "name":"Morgan St &amp; Polk St", "latitude":"41.87173700000000000", "longitude":"-87.65103000000000000", "dpcapacity":"15"},{"id":"242", "name":"Damen Ave &amp; Leland Ave", "latitude":"41.96709400000000000", "longitude":"-87.67902800000000000", "dpcapacity":"15"},{"id":"243", "name":"Lincoln Ave &amp; Leavitt St", "latitude":"41.96239100000000000", "longitude":"-87.68414600000000000", "dpcapacity":"15"},{"id":"244", "name":"Ravenswood Ave &amp; Irving Park Rd", "latitude":"41.95469000000000000", "longitude":"-87.67393000000000000", "dpcapacity":"19"},{"id":"245", "name":"Clarendon Ave &amp; Junior Ter", "latitude":"41.96100400000000000", "longitude":"-87.64960300000000000", "dpcapacity":"15"},{"id":"246", "name":"Ashland Ave &amp; Belle Plaine Ave", "latitude":"41.95606100000000000", "longitude":"-87.66886900000000000", "dpcapacity":"11"},{"id":"247", "name":"Shore Drive &amp; 55th St", "latitude":"41.79521200000000000", "longitude":"-87.58071500000000000", "dpcapacity":"15"},{"id":"248", "name":"Woodlawn Ave &amp; 55th St", "latitude":"41.79526400000000000", "longitude":"-87.59647100000000000", "dpcapacity":"15"},{"id":"249", "name":"Montrose Harbor", "latitude":"41.96398200000000000", "longitude":"-87.63818100000000000", "dpcapacity":"15"},{"id":"250", "name":"Ashland Ave &amp; Wellington Ave", "latitude":"41.93608300000000000", "longitude":"-87.66980700000000000", "dpcapacity":"19"},{"id":"251", "name":"Clarendon Ave &amp; Leland Ave", "latitude":"41.96796800000000000", "longitude":"-87.65000100000000000", "dpcapacity":"15"},{"id":"252", "name":"Greenwood Ave &amp; 47th St", "latitude":"41.80983500000000000", "longitude":"-87.59938300000000000", "dpcapacity":"15"},{"id":"253", "name":"Clifton Ave &amp; Lawrence Ave", "latitude":"41.96887300000000000", "longitude":"-87.65885700000000000", "dpcapacity":"15"},{"id":"254", "name":"Pine Grove Ave &amp; Irving Park Rd", "latitude":"41.95438300000000000", "longitude":"-87.64804300000000000", "dpcapacity":"15"},{"id":"255", "name":"Indiana Ave &amp; Roosevelt Rd", "latitude":"41.86788800000000000", "longitude":"-87.62304100000000000", "dpcapacity":"19"},{"id":"256", "name":"Broadway &amp; Sheridan Rd", "latitude":"41.95283300000000000", "longitude":"-87.64999300000000000", "dpcapacity":"15"},{"id":"257", "name":"Lincoln Ave &amp; Waveland Ave", "latitude":"41.94911000000000000", "longitude":"-87.67511200000000000", "dpcapacity":"15"},{"id":"258", "name":"Logan Blvd &amp; Elston Ave", "latitude":"41.93058400000000000", "longitude":"-87.68512600000000000", "dpcapacity":"19"},{"id":"259", "name":"California Ave &amp; Francis Pl", "latitude":"41.91855000000000000", "longitude":"-87.69723000000000000", "dpcapacity":"15"},{"id":"260", "name":"Kedzie Ave &amp; Milwaukee Ave", "latitude":"41.92956700000000000", "longitude":"-87.70785700000000000", "dpcapacity":"19"},{"id":"261", "name":"Hermitage Ave &amp; Polk St", "latitude":"41.87151400000000000", "longitude":"-87.66988600000000000", "dpcapacity":"15"},{"id":"262", "name":"Halsted St &amp; 37th St", "latitude":"41.82707100000000000", "longitude":"-87.64580100000000000", "dpcapacity":"11"},{"id":"263", "name":"Rhodes Ave &amp; 32nd St", "latitude":"41.83620800000000000", "longitude":"-87.61353300000000000", "dpcapacity":"11"},{"id":"264", "name":"Stetson Ave &amp; South Water St", "latitude":"41.88686100000000000", "longitude":"-87.62269400000000000", "dpcapacity":"19"},{"id":"265", "name":"Cottage Grove Ave &amp; Oakwood Blvd", "latitude":"41.82298500000000000", "longitude":"-87.60710000000000000", "dpcapacity":"15"},{"id":"267", "name":"Lake Park Ave &amp; 47th St", "latitude":"41.80944300000000000", "longitude":"-87.59187500000000000", "dpcapacity":"15"},{"id":"268", "name":"Lake Shore Dr &amp; North Blvd", "latitude":"41.91172200000000000", "longitude":"-87.62680400000000000", "dpcapacity":"15"},{"id":"271", "name":"Cottage Grove Ave &amp; 43rd St", "latitude":"41.81649900000000000", "longitude":"-87.60658200000000000", "dpcapacity":"11"},{"id":"272", "name":"Indiana Ave &amp; 31st St", "latitude":"41.83884200000000000", "longitude":"-87.62185700000000000", "dpcapacity":"11"},{"id":"273", "name":"Michigan Ave &amp; 18th St", "latitude":"41.85793700000000000", "longitude":"-87.62363300000000000", "dpcapacity":"15"},{"id":"274", "name":"Racine Ave &amp; 15th St", "latitude":"41.86126700000000000", "longitude":"-87.65662500000000000", "dpcapacity":"15"},{"id":"275", "name":"Ashland Ave &amp; 13th St", "latitude":"41.86523400000000000", "longitude":"-87.66650700000000000", "dpcapacity":"15"},{"id":"276", "name":"California Ave &amp; North Ave", "latitude":"41.91044000000000000", "longitude":"-87.69720000000000000", "dpcapacity":"11"},{"id":"277", "name":"Ashland Ave &amp; Grand Ave", "latitude":"41.89107200000000000", "longitude":"-87.66661100000000000", "dpcapacity":"15"},{"id":"278", "name":"Wallace Ave &amp; 35th St", "latitude":"41.83062900000000000", "longitude":"-87.64129000000000000", "dpcapacity":"15"},{"id":"279", "name":"Halsted St &amp; 35th St", "latitude":"41.83066100000000000", "longitude":"-87.64717200000000000", "dpcapacity":"15"},{"id":"280", "name":"Morgan St &amp; 31st St", "latitude":"41.83780000000000000", "longitude":"-87.65114000000000000", "dpcapacity":"11"},{"id":"281", "name":"Western Ave &amp; 24th St", "latitude":"41.84847000000000000", "longitude":"-87.68510900000000000", "dpcapacity":"15"},{"id":"282", "name":"Halsted St &amp; Maxwell St", "latitude":"41.86458000000000000", "longitude":"-87.64693000000000000", "dpcapacity":"15"},{"id":"283", "name":"LaSalle St &amp; Jackson Blvd", "latitude":"41.87817000000000000", "longitude":"-87.63198500000000000", "dpcapacity":"23"},{"id":"284", "name":"Michigan Ave &amp; Jackson Blvd", "latitude":"41.87785000000000000", "longitude":"-87.62408000000000000", "dpcapacity":"23"},{"id":"285", "name":"Wood St &amp; Grand Ave", "latitude":"41.89113000000000000", "longitude":"-87.67203000000000000", "dpcapacity":"15"},{"id":"286", "name":"Franklin St &amp; Quincy St", "latitude":"41.87872400000000000", "longitude":"-87.63479300000000000", "dpcapacity":"15"},{"id":"287", "name":"Franklin St &amp; Arcade Pl", "latitude":"41.88113100000000000", "longitude":"-87.63518500000000000", "dpcapacity":"23"},{"id":"288", "name":"Larrabee St &amp; Armitage Ave", "latitude":"41.91797000000000000", "longitude":"-87.64368000000000000", "dpcapacity":"11"},{"id":"289", "name":"Wells St &amp; Concord Ln", "latitude":"41.91220200000000000", "longitude":"-87.63466400000000000", "dpcapacity":"19"},{"id":"290", "name":"Kedzie Ave &amp; Palmer Ct", "latitude":"41.92152500000000000", "longitude":"-87.70732200000000000", "dpcapacity":"15"},{"id":"291", "name":"Wells St &amp; Evergreen Ave", "latitude":"41.90672400000000000", "longitude":"-87.63483000000000000", "dpcapacity":"19"},{"id":"292", "name":"Southport Ave &amp; Clark St", "latitude":"41.95708100000000000", "longitude":"-87.66419900000000000", "dpcapacity":"11"},{"id":"293", "name":"Broadway &amp; Wilson Ave", "latitude":"41.96528700000000000", "longitude":"-87.65877400000000000", "dpcapacity":"19"},{"id":"294", "name":"Broadway &amp; Berwyn Ave", "latitude":"41.97835300000000000", "longitude":"-87.65975300000000000", "dpcapacity":"15"},{"id":"295", "name":"Broadway &amp; Argyle St", "latitude":"41.97297200000000000", "longitude":"-87.65963700000000000", "dpcapacity":"15"},{"id":"296", "name":"Broadway &amp; Belmont Ave", "latitude":"41.94010600000000000", "longitude":"-87.64545100000000000", "dpcapacity":"15"},{"id":"297", "name":"Paulina St &amp; Montrose Ave", "latitude":"41.96150700000000000", "longitude":"-87.67138700000000000", "dpcapacity":"15"},{"id":"298", "name":"Lincoln Ave &amp; Belle Plaine Ave", "latitude":"41.95592700000000000", "longitude":"-87.67925900000000000", "dpcapacity":"15"},{"id":"299", "name":"Halsted St &amp; Roscoe St", "latitude":"41.94366200000000000", "longitude":"-87.64891700000000000", "dpcapacity":"15"},{"id":"300", "name":"Broadway &amp; Barry Ave", "latitude":"41.93773900000000000", "longitude":"-87.64409400000000000", "dpcapacity":"15"},{"id":"301", "name":"Clark St &amp; Schiller St", "latitude":"41.90799300000000000", "longitude":"-87.63150100000000000", "dpcapacity":"19"},{"id":"302", "name":"Sheffield Ave &amp; Wrightwood Ave", "latitude":"41.92871200000000000", "longitude":"-87.65383300000000000", "dpcapacity":"19"},{"id":"303", "name":"Broadway &amp; Cornelia Ave", "latitude":"41.94551200000000000", "longitude":"-87.64598000000000000", "dpcapacity":"15"},{"id":"304", "name":"Halsted St &amp; Waveland Ave", "latitude":"41.94933300000000000", "longitude":"-87.64963400000000000", "dpcapacity":"15"},{"id":"305", "name":"Western Ave &amp; Division St", "latitude":"41.90289300000000000", "longitude":"-87.68727500000000000", "dpcapacity":"15"},{"id":"306", "name":"Sheridan Rd &amp; Buena Ave", "latitude":"41.95840000000000000", "longitude":"-87.65423000000000000", "dpcapacity":"15"},{"id":"307", "name":"Southport Ave &amp; Clybourn Ave", "latitude":"41.92100400000000000", "longitude":"-87.66325700000000000", "dpcapacity":"15"},{"id":"308", "name":"Seeley Ave &amp; Roscoe St", "latitude":"41.94340300000000000", "longitude":"-87.67961800000000000", "dpcapacity":"11"},{"id":"309", "name":"Leavitt St &amp; Armitage Ave", "latitude":"41.91780500000000000", "longitude":"-87.68243700000000000", "dpcapacity":"11"},{"id":"310", "name":"Damen Ave &amp; Charleston St", "latitude":"41.92008200000000000", "longitude":"-87.67785500000000000", "dpcapacity":"11"},{"id":"311", "name":"Lincoln Ave &amp; Eastwood Ave", "latitude":"41.96583000000000000", "longitude":"-87.68651000000000000", "dpcapacity":"15"},{"id":"312", "name":"Clarendon Ave &amp; Gordon Ter", "latitude":"41.95787900000000000", "longitude":"-87.64951900000000000", "dpcapacity":"15"},{"id":"313", "name":"Lakeview Ave &amp; Fullerton Pkwy", "latitude":"41.92585800000000000", "longitude":"-87.63897300000000000", "dpcapacity":"19"},{"id":"314", "name":"Ravenswood Ave &amp; Berteau Ave", "latitude":"41.95792100000000000", "longitude":"-87.67356700000000000", "dpcapacity":"15"},{"id":"315", "name":"Leavitt St &amp; Hirsch St", "latitude":"41.90671700000000000", "longitude":"-87.68277900000000000", "dpcapacity":"11"},{"id":"316", "name":"Damen Ave &amp; Sunnyside Ave", "latitude":"41.96325000000000000", "longitude":"-87.67925800000000000", "dpcapacity":"19"},{"id":"317", "name":"Wood St &amp; Taylor St", "latitude":"41.86915400000000000", "longitude":"-87.67104500000000000", "dpcapacity":"15"},{"id":"318", "name":"Southport Ave &amp; Irving Park Rd", "latitude":"41.95417700000000000", "longitude":"-87.66435800000000000", "dpcapacity":"15"},{"id":"319", "name":"Greenview Ave &amp; Diversey Pkwy", "latitude":"41.93259500000000000", "longitude":"-87.66593900000000000", "dpcapacity":"15"},{"id":"320", "name":"Loomis St &amp; Lexington St", "latitude":"41.87218700000000000", "longitude":"-87.66150100000000000", "dpcapacity":"15"},{"id":"321", "name":"Wabash Ave &amp; 8th St", "latitude":"41.87196200000000000", "longitude":"-87.62610600000000000", "dpcapacity":"19"},{"id":"322", "name":"Kimbark Ave &amp; 53rd St", "latitude":"41.79956800000000000", "longitude":"-87.59474700000000000", "dpcapacity":"15"},{"id":"323", "name":"Sheridan Rd &amp; Lawrence Ave", "latitude":"41.96951700000000000", "longitude":"-87.65469100000000000", "dpcapacity":"15"},{"id":"324", "name":"Stockton Dr &amp; Wrightwood Ave", "latitude":"41.93132000000000000", "longitude":"-87.63874200000000000", "dpcapacity":"15"},{"id":"325", "name":"Clark St &amp; Winnemac Ave", "latitude":"41.97338500000000000", "longitude":"-87.66836500000000000", "dpcapacity":"15"},{"id":"326", "name":"Clark St &amp; Leland Ave", "latitude":"41.96709600000000000", "longitude":"-87.66742900000000000", "dpcapacity":"11"},{"id":"327", "name":"Sheffield Ave &amp; Webster Ave", "latitude":"41.92168700000000000", "longitude":"-87.65371400000000000", "dpcapacity":"19"},{"id":"328", "name":"Ellis Ave &amp; 58th St", "latitude":"41.78874600000000000", "longitude":"-87.60133400000000000", "dpcapacity":"15"},{"id":"329", "name":"Lake Shore Dr &amp; Diversey Pkwy", "latitude":"41.93268400000000000", "longitude":"-87.63625000000000000", "dpcapacity":"15"},{"id":"330", "name":"Lincoln Ave &amp; Addison St", "latitude":"41.94617600000000000", "longitude":"-87.67330800000000000", "dpcapacity":"19"},{"id":"331", "name":"Halsted St &amp; Blackhawk St", "latitude":"41.90854000000000000", "longitude":"-87.64856800000000000", "dpcapacity":"19"},{"id":"332", "name":"Halsted St &amp; Diversey Pkwy", "latitude":"41.93334100000000000", "longitude":"-87.64874700000000000", "dpcapacity":"15"},{"id":"333", "name":"Ashland Ave &amp; Blackhawk St", "latitude":"41.90706600000000000", "longitude":"-87.66725200000000000", "dpcapacity":"15"},{"id":"334", "name":"Lake Shore Dr &amp; Belmont Ave", "latitude":"41.94077500000000000", "longitude":"-87.63919200000000000", "dpcapacity":"19"},{"id":"335", "name":"Calumet Ave &amp; 35th St", "latitude":"41.83137900000000000", "longitude":"-87.61803400000000000", "dpcapacity":"15"},{"id":"336", "name":"Cottage Grove Ave &amp; 47th St", "latitude":"41.80985500000000000", "longitude":"-87.60675500000000000", "dpcapacity":"15"},{"id":"337", "name":"Clark St &amp; Chicago Ave", "latitude":"41.89654400000000000", "longitude":"-87.63093100000000000", "dpcapacity":"19"},{"id":"338", "name":"Calumet Ave &amp; 18th St", "latitude":"41.85761100000000000", "longitude":"-87.61940700000000000", "dpcapacity":"15"},{"id":"339", "name":"Emerald Ave &amp; 31st St", "latitude":"41.83819800000000000", "longitude":"-87.64514300000000000", "dpcapacity":"11"},{"id":"340", "name":"Clark St &amp; Wrightwood Ave", "latitude":"41.92954600000000000", "longitude":"-87.64311800000000000", "dpcapacity":"15"},{"id":"341", "name":"Adler Planetarium", "latitude":"41.86609500000000000", "longitude":"-87.60726700000000000", "dpcapacity":"19"},{"id":"342", "name":"Wolcott Ave &amp; Polk St", "latitude":"41.87126200000000000", "longitude":"-87.67368800000000000", "dpcapacity":"15"},{"id":"343", "name":"Racine Ave &amp; Wrightwood Ave", "latitude":"41.92888700000000000", "longitude":"-87.65897100000000000", "dpcapacity":"15"},{"id":"344", "name":"Wolcott Ave &amp; Lawrence Ave", "latitude":"41.96864100000000000", "longitude":"-87.67633500000000000", "dpcapacity":"15"},{"id":"345", "name":"Lake Park Ave &amp; 56th St", "latitude":"41.79324200000000000", "longitude":"-87.58778200000000000", "dpcapacity":"15"},{"id":"346", "name":"Ada St &amp; Washington Blvd", "latitude":"41.88283000000000000", "longitude":"-87.66120600000000000", "dpcapacity":"15"},{"id":"347", "name":"Ashland Ave &amp; Grace St", "latitude":"41.95068700000000000", "longitude":"-87.66870000000000000", "dpcapacity":"15"},{"id":"348", "name":"California Ave &amp; 21st St", "latitude":"41.85401600000000000", "longitude":"-87.69544500000000000", "dpcapacity":"15"},{"id":"349", "name":"Halsted St &amp; Wrightwood Ave", "latitude":"41.92914300000000000", "longitude":"-87.64907700000000000", "dpcapacity":"15"},{"id":"350", "name":"Ashland Ave &amp; Chicago Ave", "latitude":"41.89596600000000000", "longitude":"-87.66774700000000000", "dpcapacity":"15"},{"id":"351", "name":"Cottage Grove Ave &amp; 51st St", "latitude":"41.80303800000000000", "longitude":"-87.60661500000000000", "dpcapacity":"15"}]}