{"data": [{ "stationId":"5", "startingFromHere": "4988", "arrivingHere":"5071", "total":"10059"},{ "stationId":"13", "startingFromHere": "3684", "arrivingHere":"4271", "total":"7955"},{ "stationId":"14", "startingFromHere": "1500", "arrivingHere":"1428", "total":"2928"},{ "stationId":"15", "startingFromHere": "1656", "arrivingHere":"1612", "total":"3268"},{ "stationId":"16", "startingFromHere": "1724", "arrivingHere":"1612", "total":"3336"},{ "stationId":"17", "startingFromHere": "2677", "arrivingHere":"2813", "total":"5490"},{ "stationId":"19", "startingFromHere": "1809", "arrivingHere":"1862", "total":"3671"},{ "stationId":"20", "startingFromHere": "2727", "arrivingHere":"3002", "total":"5729"},{ "stationId":"21", "startingFromHere": "2746", "arrivingHere":"2548", "total":"5294"},{ "stationId":"22", "startingFromHere": "2174", "arrivingHere":"2249", "total":"4423"},{ "stationId":"23", "startingFromHere": "1987", "arrivingHere":"2002", "total":"3989"},{ "stationId":"24", "startingFromHere": "6795", "arrivingHere":"6902", "total":"13697"},{ "stationId":"25", "startingFromHere": "8360", "arrivingHere":"8513", "total":"16873"},{ "stationId":"26", "startingFromHere": "10670", "arrivingHere":"11311", "total":"21981"},{ "stationId":"27", "startingFromHere": "1376", "arrivingHere":"1451", "total":"2827"},{ "stationId":"28", "startingFromHere": "2056", "arrivingHere":"2072", "total":"4128"},{ "stationId":"29", "startingFromHere": "2635", "arrivingHere":"2742", "total":"5377"},{ "stationId":"30", "startingFromHere": "2055", "arrivingHere":"2011", "total":"4066"},{ "stationId":"31", "startingFromHere": "5133", "arrivingHere":"5016", "total":"10149"},{ "stationId":"32", "startingFromHere": "1825", "arrivingHere":"1596", "total":"3421"},{ "stationId":"33", "startingFromHere": "5938", "arrivingHere":"5797", "total":"11735"},{ "stationId":"34", "startingFromHere": "6077", "arrivingHere":"6485", "total":"12562"},{ "stationId":"35", "startingFromHere": "16710", "arrivingHere":"18544", "total":"35254"},{ "stationId":"36", "startingFromHere": "9717", "arrivingHere":"9128", "total":"18845"},{ "stationId":"37", "startingFromHere": "8041", "arrivingHere":"7125", "total":"15166"},{ "stationId":"42", "startingFromHere": "1781", "arrivingHere":"1785", "total":"3566"},{ "stationId":"43", "startingFromHere": "8579", "arrivingHere":"8054", "total":"16633"},{ "stationId":"44", "startingFromHere": "6819", "arrivingHere":"6250", "total":"13069"},{ "stationId":"45", "startingFromHere": "6424", "arrivingHere":"6363", "total":"12787"},{ "stationId":"46", "startingFromHere": "3228", "arrivingHere":"2884", "total":"6112"},{ "stationId":"47", "startingFromHere": "7868", "arrivingHere":"8497", "total":"16365"},{ "stationId":"48", "startingFromHere": "6313", "arrivingHere":"6404", "total":"12717"},{ "stationId":"49", "startingFromHere": "7963", "arrivingHere":"7209", "total":"15172"},{ "stationId":"50", "startingFromHere": "5040", "arrivingHere":"4864", "total":"9904"},{ "stationId":"51", "startingFromHere": "7196", "arrivingHere":"6939", "total":"14135"},{ "stationId":"52", "startingFromHere": "10654", "arrivingHere":"10354", "total":"21008"},{ "stationId":"53", "startingFromHere": "5869", "arrivingHere":"5551", "total":"11420"},{ "stationId":"54", "startingFromHere": "2532", "arrivingHere":"2534", "total":"5066"},{ "stationId":"55", "startingFromHere": "1783", "arrivingHere":"1664", "total":"3447"},{ "stationId":"56", "startingFromHere": "5822", "arrivingHere":"5484", "total":"11306"},{ "stationId":"57", "startingFromHere": "2299", "arrivingHere":"2673", "total":"4972"},{ "stationId":"58", "startingFromHere": "3732", "arrivingHere":"3428", "total":"7160"},{ "stationId":"59", "startingFromHere": "7946", "arrivingHere":"8512", "total":"16458"},{ "stationId":"60", "startingFromHere": "4005", "arrivingHere":"4205", "total":"8210"},{ "stationId":"61", "startingFromHere": "2565", "arrivingHere":"2842", "total":"5407"},{ "stationId":"62", "startingFromHere": "3990", "arrivingHere":"3826", "total":"7816"},{ "stationId":"66", "startingFromHere": "6288", "arrivingHere":"5955", "total":"12243"},{ "stationId":"67", "startingFromHere": "5905", "arrivingHere":"6006", "total":"11911"},{ "stationId":"68", "startingFromHere": "2242", "arrivingHere":"2057", "total":"4299"},{ "stationId":"69", "startingFromHere": "5332", "arrivingHere":"6083", "total":"11415"},{ "stationId":"71", "startingFromHere": "3013", "arrivingHere":"2882", "total":"5895"},{ "stationId":"72", "startingFromHere": "2809", "arrivingHere":"3122", "total":"5931"},{ "stationId":"73", "startingFromHere": "4226", "arrivingHere":"3731", "total":"7957"},{ "stationId":"74", "startingFromHere": "5929", "arrivingHere":"5500", "total":"11429"},{ "stationId":"75", "startingFromHere": "10088", "arrivingHere":"10066", "total":"20154"},{ "stationId":"76", "startingFromHere": "15482", "arrivingHere":"15254", "total":"30736"},{ "stationId":"77", "startingFromHere": "8289", "arrivingHere":"8093", "total":"16382"},{ "stationId":"80", "startingFromHere": "4147", "arrivingHere":"4493", "total":"8640"},{ "stationId":"81", "startingFromHere": "8725", "arrivingHere":"7928", "total":"16653"},{ "stationId":"84", "startingFromHere": "2234", "arrivingHere":"2120", "total":"4354"},{ "stationId":"85", "startingFromHere": "13088", "arrivingHere":"14158", "total":"27246"},{ "stationId":"86", "startingFromHere": "1913", "arrivingHere":"1994", "total":"3907"},{ "stationId":"87", "startingFromHere": "2447", "arrivingHere":"2400", "total":"4847"},{ "stationId":"88", "startingFromHere": "3013", "arrivingHere":"2847", "total":"5860"},{ "stationId":"90", "startingFromHere": "17065", "arrivingHere":"18195", "total":"35260"},{ "stationId":"91", "startingFromHere": "14910", "arrivingHere":"13853", "total":"28763"},{ "stationId":"92", "startingFromHere": "1547", "arrivingHere":"1526", "total":"3073"},{ "stationId":"93", "startingFromHere": "2650", "arrivingHere":"2641", "total":"5291"},{ "stationId":"94", "startingFromHere": "6027", "arrivingHere":"6280", "total":"12307"},{ "stationId":"97", "startingFromHere": "12635", "arrivingHere":"13549", "total":"26184"},{ "stationId":"98", "startingFromHere": "5126", "arrivingHere":"4229", "total":"9355"},{ "stationId":"99", "startingFromHere": "6905", "arrivingHere":"6954", "total":"13859"},{ "stationId":"100", "startingFromHere": "6134", "arrivingHere":"6551", "total":"12685"},{ "stationId":"106", "startingFromHere": "2391", "arrivingHere":"2519", "total":"4910"},{ "stationId":"108", "startingFromHere": "2068", "arrivingHere":"2080", "total":"4148"},{ "stationId":"109", "startingFromHere": "1616", "arrivingHere":"1500", "total":"3116"},{ "stationId":"110", "startingFromHere": "6229", "arrivingHere":"6592", "total":"12821"},{ "stationId":"111", "startingFromHere": "2275", "arrivingHere":"2055", "total":"4330"},{ "stationId":"112", "startingFromHere": "2726", "arrivingHere":"2829", "total":"5555"},{ "stationId":"113", "startingFromHere": "1598", "arrivingHere":"1672", "total":"3270"},{ "stationId":"114", "startingFromHere": "3215", "arrivingHere":"3478", "total":"6693"},{ "stationId":"115", "startingFromHere": "3440", "arrivingHere":"3666", "total":"7106"},{ "stationId":"116", "startingFromHere": "1152", "arrivingHere":"1212", "total":"2364"},{ "stationId":"117", "startingFromHere": "2651", "arrivingHere":"2530", "total":"5181"},{ "stationId":"118", "startingFromHere": "3055", "arrivingHere":"2850", "total":"5905"},{ "stationId":"119", "startingFromHere": "877", "arrivingHere":"913", "total":"1790"},{ "stationId":"120", "startingFromHere": "1302", "arrivingHere":"1457", "total":"2759"},{ "stationId":"121", "startingFromHere": "852", "arrivingHere":"798", "total":"1650"},{ "stationId":"122", "startingFromHere": "962", "arrivingHere":"959", "total":"1921"},{ "stationId":"123", "startingFromHere": "2730", "arrivingHere":"2979", "total":"5709"},{ "stationId":"124", "startingFromHere": "367", "arrivingHere":"401", "total":"768"},{ "stationId":"126", "startingFromHere": "6687", "arrivingHere":"7126", "total":"13813"},{ "stationId":"127", "startingFromHere": "324", "arrivingHere":"317", "total":"641"},{ "stationId":"128", "startingFromHere": "2545", "arrivingHere":"2892", "total":"5437"},{ "stationId":"129", "startingFromHere": "1162", "arrivingHere":"1073", "total":"2235"},{ "stationId":"130", "startingFromHere": "3187", "arrivingHere":"3037", "total":"6224"},{ "stationId":"131", "startingFromHere": "590", "arrivingHere":"662", "total":"1252"},{ "stationId":"132", "startingFromHere": "157", "arrivingHere":"178", "total":"335"},{ "stationId":"134", "startingFromHere": "3801", "arrivingHere":"3686", "total":"7487"},{ "stationId":"135", "startingFromHere": "518", "arrivingHere":"549", "total":"1067"},{ "stationId":"136", "startingFromHere": "264", "arrivingHere":"311", "total":"575"},{ "stationId":"137", "startingFromHere": "1537", "arrivingHere":"1431", "total":"2968"},{ "stationId":"138", "startingFromHere": "1393", "arrivingHere":"1318", "total":"2711"},{ "stationId":"140", "startingFromHere": "4953", "arrivingHere":"5357", "total":"10310"},{ "stationId":"141", "startingFromHere": "4864", "arrivingHere":"4857", "total":"9721"},{ "stationId":"143", "startingFromHere": "3936", "arrivingHere":"4096", "total":"8032"},{ "stationId":"144", "startingFromHere": "3224", "arrivingHere":"3227", "total":"6451"},{ "stationId":"146", "startingFromHere": "985", "arrivingHere":"1061", "total":"2046"},{ "stationId":"147", "startingFromHere": "733", "arrivingHere":"614", "total":"1347"},{ "stationId":"148", "startingFromHere": "584", "arrivingHere":"585", "total":"1169"},{ "stationId":"149", "startingFromHere": "759", "arrivingHere":"649", "total":"1408"},{ "stationId":"150", "startingFromHere": "3464", "arrivingHere":"3462", "total":"6926"},{ "stationId":"152", "startingFromHere": "2174", "arrivingHere":"2013", "total":"4187"},{ "stationId":"153", "startingFromHere": "3197", "arrivingHere":"3225", "total":"6422"},{ "stationId":"154", "startingFromHere": "1826", "arrivingHere":"1920", "total":"3746"},{ "stationId":"156", "startingFromHere": "3080", "arrivingHere":"3355", "total":"6435"},{ "stationId":"157", "startingFromHere": "4347", "arrivingHere":"4696", "total":"9043"},{ "stationId":"158", "startingFromHere": "1556", "arrivingHere":"1548", "total":"3104"},{ "stationId":"159", "startingFromHere": "615", "arrivingHere":"479", "total":"1094"},{ "stationId":"160", "startingFromHere": "706", "arrivingHere":"731", "total":"1437"},{ "stationId":"162", "startingFromHere": "1240", "arrivingHere":"1405", "total":"2645"},{ "stationId":"163", "startingFromHere": "762", "arrivingHere":"784", "total":"1546"},{ "stationId":"164", "startingFromHere": "4799", "arrivingHere":"3943", "total":"8742"},{ "stationId":"165", "startingFromHere": "2490", "arrivingHere":"2502", "total":"4992"},{ "stationId":"166", "startingFromHere": "1103", "arrivingHere":"1116", "total":"2219"},{ "stationId":"167", "startingFromHere": "100", "arrivingHere":"128", "total":"228"},{ "stationId":"168", "startingFromHere": "2875", "arrivingHere":"3010", "total":"5885"},{ "stationId":"169", "startingFromHere": "1433", "arrivingHere":"1199", "total":"2632"},{ "stationId":"170", "startingFromHere": "718", "arrivingHere":"710", "total":"1428"},{ "stationId":"171", "startingFromHere": "206", "arrivingHere":"211", "total":"417"},{ "stationId":"173", "startingFromHere": "5275", "arrivingHere":"5515", "total":"10790"},{ "stationId":"174", "startingFromHere": "8028", "arrivingHere":"9008", "total":"17036"},{ "stationId":"175", "startingFromHere": "2465", "arrivingHere":"2230", "total":"4695"},{ "stationId":"176", "startingFromHere": "5846", "arrivingHere":"6064", "total":"11910"},{ "stationId":"177", "startingFromHere": "9082", "arrivingHere":"9571", "total":"18653"},{ "stationId":"178", "startingFromHere": "1290", "arrivingHere":"1151", "total":"2441"},{ "stationId":"179", "startingFromHere": "732", "arrivingHere":"725", "total":"1457"},{ "stationId":"181", "startingFromHere": "6399", "arrivingHere":"6730", "total":"13129"},{ "stationId":"183", "startingFromHere": "2112", "arrivingHere":"1940", "total":"4052"},{ "stationId":"184", "startingFromHere": "740", "arrivingHere":"650", "total":"1390"},{ "stationId":"185", "startingFromHere": "755", "arrivingHere":"756", "total":"1511"},{ "stationId":"186", "startingFromHere": "1580", "arrivingHere":"1653", "total":"3233"},{ "stationId":"188", "startingFromHere": "1371", "arrivingHere":"1428", "total":"2799"},{ "stationId":"190", "startingFromHere": "1977", "arrivingHere":"1823", "total":"3800"},{ "stationId":"191", "startingFromHere": "4190", "arrivingHere":"2846", "total":"7036"},{ "stationId":"192", "startingFromHere": "6435", "arrivingHere":"6009", "total":"12444"},{ "stationId":"193", "startingFromHere": "149", "arrivingHere":"174", "total":"323"},{ "stationId":"194", "startingFromHere": "3789", "arrivingHere":"3475", "total":"7264"},{ "stationId":"195", "startingFromHere": "6188", "arrivingHere":"4736", "total":"10924"},{ "stationId":"196", "startingFromHere": "3258", "arrivingHere":"3127", "total":"6385"},{ "stationId":"197", "startingFromHere": "3264", "arrivingHere":"2260", "total":"5524"},{ "stationId":"198", "startingFromHere": "2849", "arrivingHere":"3211", "total":"6060"},{ "stationId":"199", "startingFromHere": "5858", "arrivingHere":"6029", "total":"11887"},{ "stationId":"200", "startingFromHere": "216", "arrivingHere":"207", "total":"423"},{ "stationId":"201", "startingFromHere": "122", "arrivingHere":"137", "total":"259"},{ "stationId":"202", "startingFromHere": "726", "arrivingHere":"631", "total":"1357"},{ "stationId":"203", "startingFromHere": "218", "arrivingHere":"242", "total":"460"},{ "stationId":"204", "startingFromHere": "239", "arrivingHere":"294", "total":"533"},{ "stationId":"205", "startingFromHere": "619", "arrivingHere":"657", "total":"1276"},{ "stationId":"206", "startingFromHere": "694", "arrivingHere":"756", "total":"1450"},{ "stationId":"207", "startingFromHere": "416", "arrivingHere":"441", "total":"857"},{ "stationId":"208", "startingFromHere": "143", "arrivingHere":"165", "total":"308"},{ "stationId":"209", "startingFromHere": "425", "arrivingHere":"345", "total":"770"},{ "stationId":"210", "startingFromHere": "2771", "arrivingHere":"2811", "total":"5582"},{ "stationId":"211", "startingFromHere": "4476", "arrivingHere":"4952", "total":"9428"},{ "stationId":"212", "startingFromHere": "2759", "arrivingHere":"2618", "total":"5377"},{ "stationId":"213", "startingFromHere": "747", "arrivingHere":"677", "total":"1424"},{ "stationId":"214", "startingFromHere": "1316", "arrivingHere":"1260", "total":"2576"},{ "stationId":"215", "startingFromHere": "640", "arrivingHere":"594", "total":"1234"},{ "stationId":"216", "startingFromHere": "980", "arrivingHere":"1175", "total":"2155"},{ "stationId":"217", "startingFromHere": "1409", "arrivingHere":"1347", "total":"2756"},{ "stationId":"218", "startingFromHere": "360", "arrivingHere":"309", "total":"669"},{ "stationId":"219", "startingFromHere": "1670", "arrivingHere":"1683", "total":"3353"},{ "stationId":"220", "startingFromHere": "4352", "arrivingHere":"4950", "total":"9302"},{ "stationId":"222", "startingFromHere": "503", "arrivingHere":"520", "total":"1023"},{ "stationId":"223", "startingFromHere": "1702", "arrivingHere":"1723", "total":"3425"},{ "stationId":"224", "startingFromHere": "1282", "arrivingHere":"1316", "total":"2598"},{ "stationId":"225", "startingFromHere": "1636", "arrivingHere":"1643", "total":"3279"},{ "stationId":"226", "startingFromHere": "1343", "arrivingHere":"1313", "total":"2656"},{ "stationId":"227", "startingFromHere": "2011", "arrivingHere":"2145", "total":"4156"},{ "stationId":"228", "startingFromHere": "892", "arrivingHere":"919", "total":"1811"},{ "stationId":"229", "startingFromHere": "1926", "arrivingHere":"2105", "total":"4031"},{ "stationId":"230", "startingFromHere": "1661", "arrivingHere":"1977", "total":"3638"},{ "stationId":"231", "startingFromHere": "1824", "arrivingHere":"1883", "total":"3707"},{ "stationId":"232", "startingFromHere": "2736", "arrivingHere":"2660", "total":"5396"},{ "stationId":"233", "startingFromHere": "1797", "arrivingHere":"1651", "total":"3448"},{ "stationId":"234", "startingFromHere": "914", "arrivingHere":"974", "total":"1888"},{ "stationId":"236", "startingFromHere": "576", "arrivingHere":"622", "total":"1198"},{ "stationId":"237", "startingFromHere": "665", "arrivingHere":"623", "total":"1288"},{ "stationId":"238", "startingFromHere": "832", "arrivingHere":"820", "total":"1652"},{ "stationId":"239", "startingFromHere": "970", "arrivingHere":"1022", "total":"1992"},{ "stationId":"240", "startingFromHere": "2389", "arrivingHere":"2164", "total":"4553"},{ "stationId":"241", "startingFromHere": "1749", "arrivingHere":"1793", "total":"3542"},{ "stationId":"242", "startingFromHere": "1070", "arrivingHere":"1033", "total":"2103"},{ "stationId":"243", "startingFromHere": "1004", "arrivingHere":"1070", "total":"2074"},{ "stationId":"244", "startingFromHere": "1006", "arrivingHere":"1058", "total":"2064"},{ "stationId":"245", "startingFromHere": "1050", "arrivingHere":"1170", "total":"2220"},{ "stationId":"246", "startingFromHere": "536", "arrivingHere":"489", "total":"1025"},{ "stationId":"247", "startingFromHere": "1127", "arrivingHere":"1136", "total":"2263"},{ "stationId":"248", "startingFromHere": "846", "arrivingHere":"822", "total":"1668"},{ "stationId":"249", "startingFromHere": "2459", "arrivingHere":"2471", "total":"4930"},{ "stationId":"250", "startingFromHere": "1351", "arrivingHere":"1341", "total":"2692"},{ "stationId":"251", "startingFromHere": "966", "arrivingHere":"1063", "total":"2029"},{ "stationId":"252", "startingFromHere": "813", "arrivingHere":"834", "total":"1647"},{ "stationId":"253", "startingFromHere": "464", "arrivingHere":"511", "total":"975"},{ "stationId":"254", "startingFromHere": "1392", "arrivingHere":"1482", "total":"2874"},{ "stationId":"255", "startingFromHere": "3903", "arrivingHere":"3868", "total":"7771"},{ "stationId":"256", "startingFromHere": "806", "arrivingHere":"752", "total":"1558"},{ "stationId":"257", "startingFromHere": "710", "arrivingHere":"822", "total":"1532"},{ "stationId":"258", "startingFromHere": "645", "arrivingHere":"674", "total":"1319"},{ "stationId":"259", "startingFromHere": "527", "arrivingHere":"570", "total":"1097"},{ "stationId":"260", "startingFromHere": "934", "arrivingHere":"1119", "total":"2053"},{ "stationId":"261", "startingFromHere": "952", "arrivingHere":"1073", "total":"2025"},{ "stationId":"262", "startingFromHere": "91", "arrivingHere":"84", "total":"175"},{ "stationId":"263", "startingFromHere": "262", "arrivingHere":"256", "total":"518"},{ "stationId":"264", "startingFromHere": "1769", "arrivingHere":"1325", "total":"3094"},{ "stationId":"265", "startingFromHere": "192", "arrivingHere":"259", "total":"451"},{ "stationId":"267", "startingFromHere": "295", "arrivingHere":"299", "total":"594"},{ "stationId":"268", "startingFromHere": "2984", "arrivingHere":"3084", "total":"6068"},{ "stationId":"271", "startingFromHere": "62", "arrivingHere":"58", "total":"120"},{ "stationId":"272", "startingFromHere": "249", "arrivingHere":"233", "total":"482"},{ "stationId":"273", "startingFromHere": "1546", "arrivingHere":"1547", "total":"3093"},{ "stationId":"274", "startingFromHere": "406", "arrivingHere":"368", "total":"774"},{ "stationId":"275", "startingFromHere": "172", "arrivingHere":"185", "total":"357"},{ "stationId":"276", "startingFromHere": "576", "arrivingHere":"518", "total":"1094"},{ "stationId":"277", "startingFromHere": "483", "arrivingHere":"393", "total":"876"},{ "stationId":"278", "startingFromHere": "133", "arrivingHere":"163", "total":"296"},{ "stationId":"279", "startingFromHere": "989", "arrivingHere":"1089", "total":"2078"},{ "stationId":"280", "startingFromHere": "258", "arrivingHere":"290", "total":"548"},{ "stationId":"281", "startingFromHere": "38", "arrivingHere":"51", "total":"89"},{ "stationId":"282", "startingFromHere": "658", "arrivingHere":"607", "total":"1265"},{ "stationId":"283", "startingFromHere": "4126", "arrivingHere":"3879", "total":"8005"},{ "stationId":"284", "startingFromHere": "2968", "arrivingHere":"2911", "total":"5879"},{ "stationId":"285", "startingFromHere": "563", "arrivingHere":"562", "total":"1125"},{ "stationId":"286", "startingFromHere": "2186", "arrivingHere":"1677", "total":"3863"},{ "stationId":"287", "startingFromHere": "4042", "arrivingHere":"3227", "total":"7269"},{ "stationId":"288", "startingFromHere": "795", "arrivingHere":"732", "total":"1527"},{ "stationId":"289", "startingFromHere": "2662", "arrivingHere":"2636", "total":"5298"},{ "stationId":"290", "startingFromHere": "450", "arrivingHere":"400", "total":"850"},{ "stationId":"291", "startingFromHere": "1658", "arrivingHere":"1640", "total":"3298"},{ "stationId":"292", "startingFromHere": "356", "arrivingHere":"378", "total":"734"},{ "stationId":"293", "startingFromHere": "496", "arrivingHere":"477", "total":"973"},{ "stationId":"294", "startingFromHere": "655", "arrivingHere":"816", "total":"1471"},{ "stationId":"295", "startingFromHere": "448", "arrivingHere":"533", "total":"981"},{ "stationId":"296", "startingFromHere": "940", "arrivingHere":"971", "total":"1911"},{ "stationId":"297", "startingFromHere": "329", "arrivingHere":"312", "total":"641"},{ "stationId":"298", "startingFromHere": "414", "arrivingHere":"470", "total":"884"},{ "stationId":"299", "startingFromHere": "892", "arrivingHere":"981", "total":"1873"},{ "stationId":"300", "startingFromHere": "1596", "arrivingHere":"1627", "total":"3223"},{ "stationId":"301", "startingFromHere": "1765", "arrivingHere":"1589", "total":"3354"},{ "stationId":"302", "startingFromHere": "1047", "arrivingHere":"1009", "total":"2056"},{ "stationId":"303", "startingFromHere": "1140", "arrivingHere":"1170", "total":"2310"},{ "stationId":"304", "startingFromHere": "1402", "arrivingHere":"1309", "total":"2711"},{ "stationId":"305", "startingFromHere": "581", "arrivingHere":"582", "total":"1163"},{ "stationId":"306", "startingFromHere": "660", "arrivingHere":"615", "total":"1275"},{ "stationId":"307", "startingFromHere": "743", "arrivingHere":"819", "total":"1562"},{ "stationId":"308", "startingFromHere": "434", "arrivingHere":"537", "total":"971"},{ "stationId":"309", "startingFromHere": "505", "arrivingHere":"463", "total":"968"},{ "stationId":"310", "startingFromHere": "609", "arrivingHere":"657", "total":"1266"},{ "stationId":"311", "startingFromHere": "881", "arrivingHere":"974", "total":"1855"},{ "stationId":"312", "startingFromHere": "217", "arrivingHere":"230", "total":"447"},{ "stationId":"313", "startingFromHere": "1970", "arrivingHere":"1983", "total":"3953"},{ "stationId":"314", "startingFromHere": "447", "arrivingHere":"393", "total":"840"},{ "stationId":"315", "startingFromHere": "299", "arrivingHere":"300", "total":"599"},{ "stationId":"316", "startingFromHere": "276", "arrivingHere":"291", "total":"567"},{ "stationId":"317", "startingFromHere": "490", "arrivingHere":"533", "total":"1023"},{ "stationId":"318", "startingFromHere": "725", "arrivingHere":"703", "total":"1428"},{ "stationId":"319", "startingFromHere": "541", "arrivingHere":"576", "total":"1117"},{ "stationId":"320", "startingFromHere": "622", "arrivingHere":"594", "total":"1216"},{ "stationId":"321", "startingFromHere": "1888", "arrivingHere":"1917", "total":"3805"},{ "stationId":"322", "startingFromHere": "514", "arrivingHere":"529", "total":"1043"},{ "stationId":"323", "startingFromHere": "333", "arrivingHere":"360", "total":"693"},{ "stationId":"324", "startingFromHere": "734", "arrivingHere":"717", "total":"1451"},{ "stationId":"325", "startingFromHere": "803", "arrivingHere":"846", "total":"1649"},{ "stationId":"326", "startingFromHere": "488", "arrivingHere":"473", "total":"961"},{ "stationId":"327", "startingFromHere": "1043", "arrivingHere":"1032", "total":"2075"},{ "stationId":"328", "startingFromHere": "1248", "arrivingHere":"1278", "total":"2526"},{ "stationId":"329", "startingFromHere": "856", "arrivingHere":"943", "total":"1799"},{ "stationId":"330", "startingFromHere": "399", "arrivingHere":"434", "total":"833"},{ "stationId":"331", "startingFromHere": "758", "arrivingHere":"723", "total":"1481"},{ "stationId":"332", "startingFromHere": "987", "arrivingHere":"1023", "total":"2010"},{ "stationId":"333", "startingFromHere": "492", "arrivingHere":"563", "total":"1055"},{ "stationId":"334", "startingFromHere": "1185", "arrivingHere":"1267", "total":"2452"},{ "stationId":"335", "startingFromHere": "33", "arrivingHere":"33", "total":"66"},{ "stationId":"336", "startingFromHere": "36", "arrivingHere":"30", "total":"66"},{ "stationId":"337", "startingFromHere": "1045", "arrivingHere":"996", "total":"2041"},{ "stationId":"338", "startingFromHere": "1332", "arrivingHere":"1317", "total":"2649"},{ "stationId":"339", "startingFromHere": "256", "arrivingHere":"222", "total":"478"},{ "stationId":"340", "startingFromHere": "756", "arrivingHere":"787", "total":"1543"},{ "stationId":"341", "startingFromHere": "1175", "arrivingHere":"1131", "total":"2306"},{ "stationId":"342", "startingFromHere": "481", "arrivingHere":"421", "total":"902"},{ "stationId":"343", "startingFromHere": "229", "arrivingHere":"220", "total":"449"},{ "stationId":"344", "startingFromHere": "608", "arrivingHere":"573", "total":"1181"},{ "stationId":"345", "startingFromHere": "264", "arrivingHere":"276", "total":"540"},{ "stationId":"346", "startingFromHere": "557", "arrivingHere":"543", "total":"1100"},{ "stationId":"347", "startingFromHere": "244", "arrivingHere":"226", "total":"470"},{ "stationId":"348", "startingFromHere": "278", "arrivingHere":"298", "total":"576"},{ "stationId":"349", "startingFromHere": "437", "arrivingHere":"419", "total":"856"},{ "stationId":"350", "startingFromHere": "1009", "arrivingHere":"1053", "total":"2062"},{ "stationId":"351", "startingFromHere": "286", "arrivingHere":"270", "total":"556"}]}